"","np","lnLik","DiscLik","ContLik","AIC","dAIC","AICwt"
"Alysseae.CID_BM1",4,103.162892520081,-15.1569740703472,122.086047721877,-198.325785040162,25.1912523170811,1.4883010884566e-06
"Alysseae.CID_OU1",5,115.673511297556,-15.1844462395479,134.593228227139,-221.347022595113,2.17001476213048,0.148487199938609
"Alysseae.CD_BMV",5,103.549706130721,-15.2022091727341,122.299001053625,-197.099412261443,26.4176250958006,8.06097054248146e-07
"Alysseae.CD_OUV",6,116.176673563225,-15.1458161576557,135.08091611368,-220.353347126449,3.16369023079383,0.0903472902144829
"Alysseae.CD_OUM",6,117.758518678622,-15.0850799464299,136.713331032925,-223.517037357243,0,0.439442175610848
"Alysseae.CD_OUMV",7,118.439509391036,-15.1037320365062,137.400703842556,-222.879018782072,0.638018575170889,0.319416806160852
"Alysseae.CID_BMV",9,103.487560499184,-15.1997531258482,122.352838951907,-188.975120998369,34.5419163588746,1.38745817969832e-08
"Alysseae.CID_OUV",10,115.6780697601,-15.1842393562871,134.513166669794,-211.356139520199,12.1608978370442,0.00100507003069933
"Alysseae.CID_OUM",10,115.611178531564,-15.1767914542385,134.57909637659,-211.222357063127,12.2946802941162,0.000940038913565552
"Alysseae.CID_OUMV",11,115.648888397833,-15.0957908263324,134.573084240957,-209.297776795667,14.2192605615767,0.000359110858218821
"Antirrhineae.CID_BM1",4,324.231250138069,-72.7979160300295,400.780626292001,-640.462500276138,10.8496069688678,0.00245219408315353
"Antirrhineae.CID_OU1",5,330.656053622503,-72.7323247463146,407.243192345558,-651.312107245005,0,0.556566495515543
"Antirrhineae.CD_BMV",5,327.017330462393,-72.7409892861573,403.541502696137,-644.034660924786,7.27744632021904,0.0146298431267577
"Antirrhineae.CD_OUV",6,327.083959878397,-72.685518582209,403.644468469261,-642.167919756793,9.14418748821231,0.0057528357564215
"Antirrhineae.CD_OUM",6,331.37000837674,-72.6357676982322,407.88975492489,-650.74001675348,0.572090491525159,0.418108683295203
"Antirrhineae.CD_OUMV",7,327.237500394658,-72.7272561239359,403.128936784365,-640.475000789315,10.8371064556902,0.00246756892367546
"Antirrhineae.CID_BMV",9,324.263909381337,-72.7461684680669,400.202049188234,-630.527818762674,20.7842884823315,1.70712829164798e-05
"Antirrhineae.CID_OUV",10,309.402469611264,-77.6646881585299,391.548882144441,-598.804939222528,52.5071680224773,2.20663444251024e-12
"Antirrhineae.CID_OUM",10,324.095725784839,-73.1627725552159,400.77045078316,-628.191451569678,23.1206556753274,5.30799457110187e-06
"Antirrhineae.CID_OUMV",11,312.584070896486,-78.5800498260014,395.719604976723,-603.168141792972,48.1439654520331,1.95518471101186e-11
"Apioideae.CID_BM1",4,1106.34975861439,-209.292719662785,1317.9127594193,-2204.69951722879,47.6432558520341,4.51230493413241e-11
"Apioideae.CID_OU1",5,1106.20019950372,-209.745042899581,1318.03341404536,-2202.40039900745,49.9423740733741,1.42939172145063e-11
"Apioideae.CD_BMV",5,1111.15301018349,-210.388807117346,1322.72881552632,-2212.30602036698,40.0367527138433,2.02362301757569e-09
"Apioideae.CD_OUV",6,1091.19081712008,-209.553246967657,1302.54445400556,-2170.38163424016,81.9611388406597,1.59354684417355e-18
"Apioideae.CD_OUM",6,1100.69735927399,-213.132678038869,1312.74127277937,-2189.39471854798,62.9480545328452,2.14290853210466e-14
"Apioideae.CD_OUMV",7,1106.42778631955,-208.661238985753,1317.7368381793,-2198.85557263911,53.4872004417157,2.42885728335433e-12
"Apioideae.CID_BMV",9,1106.29717451667,-208.064428641997,1318.11867925814,-2194.59434903335,57.7484240474719,2.88462290650775e-13
"Apioideae.CID_OUV",10,1136.17138654041,-222.683201722633,1352.26604524597,-2252.34277308082,0,0.999999997914123
"Apioideae.CID_OUM",10,1106.2248045734,-212.060362997587,1319.19878758338,-2192.4496091468,59.8931639340167,9.87108062060304e-14
"Apioideae.CID_OUMV",11,1090.49938474146,-208.774802984647,1301.72135801196,-2158.99876948292,93.3440035979033,5.37783110113443e-21
"Arabideae.CID_BM1",4,270.272490660597,-106.319759216237,379.672725713163,-532.544981321193,85.4271129791866,2.69584138557389e-19
"Arabideae.CID_OU1",5,310.877311349549,-106.160401885214,420.50575174771,-611.754622699098,6.21747160128189,0.0427414664017248
"Arabideae.CD_BMV",5,275.42304822508,-106.055928320978,385.841194710234,-540.846096450161,77.1259978502192,1.71103377831504e-17
"Arabideae.CD_OUV",6,301.933301388587,-105.676746650808,410.818131322585,-591.866602777174,26.105491523206,2.05220510731031e-06
"Arabideae.CD_OUM",6,314.98604715019,-105.668457748038,424.103980151559,-617.97209430038,0,0.957097588648867
"Arabideae.CD_OUMV",7,304.772926424305,-105.728005988583,413.969398260814,-595.545852848611,22.4262414517689,1.29169436769861e-05
"Arabideae.CID_BMV",9,271.675177986622,-104.99513742816,379.847362990239,-525.350355973244,92.6217383271357,7.38586375657736e-21
"Arabideae.CID_OUV",10,304.733815080973,-113.760085555009,419.652818808184,-589.467630161946,28.5044641384342,6.18429901128311e-07
"Arabideae.CID_OUM",10,310.19355433987,-106.946782495799,419.363020549174,-600.387108679739,17.5849856206403,0.000145353372365651
"Arabideae.CID_OUMV",11,300.69251492417,-106.686711112174,409.817773266716,-579.385029848341,38.5870644520392,3.99835765960697e-09
"Balsamiaceae.CID_BM1",4,171.272333770232,-51.5012295742827,226.366525445844,-334.544667540465,28.9413312268966,5.187625755215e-07
"Balsamiaceae.CID_OU1",5,178.798577498097,-51.4298106609561,233.930827678381,-347.597154996194,15.8888437711676,0.000354225870562962
"Balsamiaceae.CD_BMV",5,175.270366780359,-51.0933960041732,230.124495725018,-340.540733560718,22.9452652066437,1.03991497122198e-05
"Balsamiaceae.CD_OUV",6,180.537704324263,-51.2133659539449,235.609081101205,-349.075408648526,14.4105901188357,0.000741786590760625
"Balsamiaceae.CD_OUM",6,187.742999383681,-51.2976899114707,242.789440378652,-363.485998767361,0,0.998846755220577
"Balsamiaceae.CD_OUMV",7,176.411612635578,-51.3133507372004,231.465281613353,-338.823225271157,24.6627734962044,4.40601168122044e-06
"Balsamiaceae.CID_BMV",9,174.973619272678,-51.6274616317138,229.841873439557,-331.947238545355,31.5387602220059,1.41561155160973e-07
"Balsamiaceae.CID_OUV",10,172.982546427342,-51.1622100851992,227.84176193144,-325.965092854683,37.5209059126778,7.11111441284448e-09
"Balsamiaceae.CID_OUM",10,181.660180999234,-51.8448858573861,238.238320241403,-343.320361998468,20.1656367688936,4.17432709409453e-05
"Balsamiaceae.CID_OUMV",11,174.821268867656,-51.7333445339644,229.507473975794,-327.642537735312,35.8434610320494,1.64509201306965e-08
"Brassiceae.CID_BM1",4,135.339510927034,-34.9817701567045,173.848296007697,-262.679021854067,51.0769735752683,4.15387188592764e-12
"Brassiceae.CID_OU1",5,161.877997714668,-34.9051918677682,200.339592787047,-313.755995429335,0,0.512480076190805
"Brassiceae.CD_BMV",5,138.792849428861,-39.1415029825554,181.329610663011,-267.585698857723,46.1702965716127,4.8297480013876e-11
"Brassiceae.CD_OUV",6,160.842965865004,-34.7062315740633,199.393011320621,-309.685931730008,4.07006369932742,0.0669690106558785
"Brassiceae.CD_OUM",6,162.34825186803,-35.0288251864281,200.647671985433,-312.69650373606,1.05949169327482,0.301724994384974
"Brassiceae.CD_OUMV",7,162.317838618806,-34.8702686994169,200.625096681267,-310.635677237613,3.1203181917225,0.107673418021471
"Brassiceae.CID_BMV",9,135.25134019485,-35.003721678986,173.470606718191,-252.502680389701,61.2533150396347,2.56264604919653e-14
"Brassiceae.CID_OUV",10,160.654544870003,-34.7982013866505,199.251860639181,-301.309089740007,12.4469056893284,0.00101593461306667
"Brassiceae.CID_OUM",10,162.954885154928,-34.9869585256897,201.325981286139,-305.909770309856,7.8462251194789,0.0101365659266527
"Brassiceae.CID_OUMV",11,145.956798267638,-39.6038333804231,188.783267517487,-269.913596535277,43.8423988940584,1.54675322193275e-10
"Cardamineae.CID_BM1",4,190.730842785135,-52.6595154865022,246.941832634517,-373.46168557027,29.9288506093341,2.8144734019606e-07
"Cardamineae.CID_OU1",5,202.488286157005,-52.499833707234,258.779249411643,-394.976572314009,8.4139638655945,0.0132219479913535
"Cardamineae.CD_BMV",5,192.777901223834,-52.5208191524157,249.050824635964,-375.555802447668,27.8347337319353,8.01915948659637e-07
"Cardamineae.CD_OUV",6,198.19116779632,-52.6787415816112,254.506946113528,-384.382335592639,19.0082005869647,6.61890534617506e-05
"Cardamineae.CD_OUM",6,207.695268089802,-52.7322195065312,264.288567550727,-403.390536179604,0,0.887900873844498
"Cardamineae.CD_OUMV",7,206.437338512679,-52.5949505559811,262.639086666609,-398.874677025358,4.51585915424533,0.0928449159783323
"Cardamineae.CID_BMV",9,192.571851325561,-52.9263685407762,249.059706166877,-367.143702651122,36.2468335284818,1.19526606476161e-08
"Cardamineae.CID_OUV",10,198.577508984402,-52.6570888676659,255.130764087044,-377.155017968805,26.2355182107989,1.78399687377929e-06
"Cardamineae.CID_OUM",10,206.692012817715,-53.1279745866038,263.278783954475,-393.384025635431,10.0065105441733,0.0059631856071081
"Cardamineae.CID_OUMV",11,194.196545456921,-53.2923812114386,251.021216650967,-366.393090913841,36.9974452657627,8.21242320921289e-09
"Cardueae.CID_BM1",4,262.287194399203,-74.4786034341456,339.902477658519,-516.574388798406,13.738315850559,0.00103382547013286
"Cardueae.CID_OU1",5,264.555981753394,-76.3681136095679,342.484990449402,-519.111963506787,11.2007411421781,0.00367683866684246
"Cardueae.CD_BMV",5,262.719247661489,-74.5726690873588,340.262140231424,-515.438495322977,14.8742093259881,0.000585856285043564
"Cardueae.CD_OUV",6,249.26299211864,-74.9667091573344,327.593148273771,-486.525984237279,43.7867204116864,3.08687527456919e-10
"Cardueae.CD_OUM",6,271.156352324483,-75.5570606035077,350.029868043857,-530.312704648965,0,0.994682803761684
"Cardueae.CD_OUMV",7,260.905978444015,-74.1103505064967,338.180006460554,-507.811956888031,22.5007477609346,1.29332988880152e-05
"Cardueae.CID_BMV",9,261.991549824466,-75.1323885106858,340.101864729642,-505.983099648932,24.3296050000333,5.18296183202496e-06
"Cardueae.CID_OUV",10,250.073337478556,-73.8139214170795,327.223043703973,-480.146674957112,50.1660296918535,1.27136330620961e-11
"Cardueae.CID_OUM",10,262.28587894341,-76.7171934599351,342.47124691447,-504.57175788682,25.7409467621454,2.55922836735674e-06
"Cardueae.CID_OUMV",11,250.29000560054,-73.5628148567221,327.28670431743,-478.580011201081,51.7326934478847,5.8086199303691e-12
"CES.CID_BM1",4,69.3658582082357,-14.1797658762468,87.3036874112312,-130.731716416471,3.65173047540591,0.121368436753109
"CES.CID_OU1",5,69.5153831898594,-14.1512198072688,87.4569041327758,-129.030766379719,5.35268051215857,0.0518500465599117
"CES.CD_BMV",5,69.6446872321357,-15.7809647506858,89.3731732275593,-129.289374464271,5.09407242760605,0.059007223872319
"CES.CD_OUV",6,65.5112006774354,-14.2072443383003,83.4509493445994,-119.022401354871,15.3610455370066,0.000347904702612982
"CES.CD_OUM",6,73.1917234459387,-14.8225558137997,91.9376358280072,-134.383446891877,0,0.753475188151655
"CES.CD_OUMV",7,70.0544915820773,-14.2177219842655,87.950231528065,-126.108983164155,8.2744637277228,0.0120307301815611
"CES.CID_BMV",9,69.3789647814036,-16.3341328471053,88.7431949357594,-120.757929562807,13.6255173290703,0.000828562857620544
"CES.CID_OUV",10,65.2502088139763,-14.3139956978027,83.3128194136339,-110.500417627953,23.8830292639248,4.90834459737156e-06
"CES.CID_OUM",10,70.4528769323363,-14.66908160383,89.55044413588,-120.905753864673,13.4776930272048,0.000892123748185475
"CES.CID_OUMV",11,69.931629525185,-14.3222701286318,87.938978206898,-117.86325905037,16.5201878415073,0.000194874828427873
"Chamaecrista.CID_BM1",4,250.690458120695,-14.4292039264521,268.299289053027,-493.380916241389,20.3765272105676,2.66291818744495e-05
"Chamaecrista.CID_OU1",5,261.878721725979,-13.7027279796857,279.314794625789,-513.757443451957,0,0.708050914118421
"Chamaecrista.CD_BMV",5,252.340556496497,-13.8276824553998,271.651143561404,-494.681112992994,19.0763304589635,5.10143034499197e-05
"Chamaecrista.CD_OUV",6,256.317709108925,-13.8119792241653,273.757357945597,-500.63541821785,13.122025234107,0.00100150451730351
"Chamaecrista.CD_OUM",6,261.961279691009,-13.9307853118597,279.54896806365,-511.922559382019,1.83488406993854,0.282894480795915
"Chamaecrista.CD_OUMV",7,259.389871218884,-13.8081422981796,276.785612421449,-504.779742437767,8.97770101418985,0.00795392483365805
"Chamaecrista.CID_BMV",9,253.351004334054,-15.9295721770229,274.474747177563,-488.702008668108,25.055434783849,2.56652768689484e-06
"Chamaecrista.CID_OUV",10,256.350969221971,-14.4495219125326,274.044887952039,-492.701938443941,21.0555050080158,1.89635511964438e-05
"Chamaecrista.CID_OUM",10,247.233063112787,-18.6570719811796,267.978708175303,-474.466126225575,39.2913172263823,2.0800001139105e-09
"Chamaecrista.CID_OUMV",11,245.098237258002,-14.4242347876158,262.670532023652,-468.196474516003,45.5609689359537,9.04952508627577e-11
"Chorisporeae.CID_BM1",4,19.2162457851274,-4.70565508902629,27.7456423298265,-30.4324915702548,9.00292383742669,0.00499092559654854
"Chorisporeae.CID_OU1",5,20.3612778402969,-4.667300047712,28.8790571626436,-30.7225556805938,8.71285972708771,0.00576989243378919
"Chorisporeae.CD_BMV",5,24.254410646833,-4.79181397471599,31.2118540325234,-38.508821293666,0.926594114015465,0.283096051473378
"Chorisporeae.CD_OUV",6,18.9438624265789,-4.72896752968899,27.6139553977096,-25.8877248531578,13.5476905545237,0.00051439595187453
"Chorisporeae.CD_OUM",6,25.0892695361462,-4.70919060921655,33.3486227183229,-38.1785390722923,1.25687633538916,0.240001490531659
"Chorisporeae.CD_OUMV",7,26.7177077038407,-4.69635261286805,35.1566956813339,-39.4354154076815,0,0.449926079532711
"Chorisporeae.CID_BMV",9,22.4220417911022,-5.53906329542869,30.3845164553745,-26.8440835822043,12.5913318254771,0.000829790009194021
"Chorisporeae.CID_OUV",10,18.8378008682314,-4.73001995070525,27.3685092183663,-17.6756017364628,21.7598136712187,8.47339915313297e-06
"Chorisporeae.CID_OUM",10,25.5417945958571,-4.74457592046998,33.2747098651379,-31.0835891917142,8.35182621596724,0.0069113859795749
"Chorisporeae.CID_OUMV",11,26.6819868904083,-4.745234108324,35.1030924355129,-31.3639737808167,8.07144162686478,0.00795151509211747
"Croton.CID_BM1",4,647.108599739804,-46.248591774426,697.051180565672,-1286.21719947961,55.5082391278481,8.7644841250573e-13
"Croton.CID_OU1",5,671.131717452017,-46.195317446536,720.99167516389,-1332.26343490403,9.46200370342262,0.00874056158931463
"Croton.CD_BMV",5,647.749387176805,-46.1391374181588,697.898880442746,-1285.49877435361,56.2266642538459,6.11958997910951e-13
"Croton.CD_OUV",6,650.437865635341,-46.018981979089,700.278167983759,-1288.87573127068,52.849707336773,3.31145762632314e-12
"Croton.CD_OUM",6,676.862719303728,-47.308475250154,727.41406168223,-1341.72543860746,0,0.991259438168123
"Croton.CD_OUMV",7,655.711015399474,-46.9266611967115,705.428381250191,-1297.42203079895,44.3034078085072,2.37588034667665e-10
"Croton.CID_BMV",9,647.94618769036,-45.5978094515371,697.022169601539,-1277.89237538072,63.8330632267348,1.36462641693675e-14
"Croton.CID_OUV",10,649.917134238222,-45.7091277835298,699.754282835398,-1279.83426847644,61.8911701310117,3.60321770000787e-14
"Croton.CID_OUM",10,651.155403850101,-46.4313942369286,701.489204589122,-1282.3108077002,59.4146309072528,1.24298006016562e-13
"Croton.CID_OUMV",11,645.136652896616,-46.9832915773079,695.086195390227,-1268.27330579323,73.4521328142246,1.11239583164194e-16
"Erysimeae.CID_BM1",4,86.7264779637403,-26.9638952200522,117.470119872976,-165.452955927481,4.0068851224805,0.0423435275229205
"Erysimeae.CID_OU1",5,89.7299205249806,-26.9935763149853,120.492608804306,-169.459841049961,0,0.313957660507727
"Erysimeae.CD_BMV",5,88.7164523833444,-26.839846297106,119.204118346099,-167.432904766689,2.02693628327242,0.113953445939002
"Erysimeae.CD_OUV",6,90.70092143826,-26.9470521717148,121.345565195081,-169.40184287652,0.057998173441149,0.304983919098034
"Erysimeae.CD_OUM",6,89.67239987718,-27.286380954447,120.35469370413,-167.34479975436,2.11504129560109,0.109042475506568
"Erysimeae.CD_OUMV",7,90.6447510698354,-27.0290579218949,121.327774102426,-167.289502139671,2.17033891029041,0.106068878740666
"Erysimeae.CID_BMV",9,88.5261289446135,-27.074731605013,119.254203826297,-159.052257889227,10.4075831607341,0.00172541319874255
"Erysimeae.CID_OUV",10,90.5239188174183,-27.2505482250176,121.323758350796,-161.047837634837,8.41200341512459,0.00467980494249534
"Erysimeae.CID_OUM",10,89.3846567084679,-27.5800434052577,120.224398879941,-158.769313416936,10.6905276330253,0.00149779544118825
"Erysimeae.CID_OUMV",11,90.5386076965779,-27.4396490950873,121.292031555131,-159.077215393156,10.3826256568054,0.00174707910265709
"Euclidieae.CID_BM1",4,32.8334158967832,-10.4988120495898,47.1882345715796,-57.6668317935664,2.95628731262042,0.111510001310802
"Euclidieae.CID_OU1",5,33.7507733511984,-10.6584380025901,48.0912126673028,-57.5015467023969,3.12157240378995,0.10266504914986
"Euclidieae.CD_BMV",5,32.7911946986476,-10.5067734771726,47.1720289002117,-55.5823893972951,5.0407297088917,0.0393262834966218
"Euclidieae.CD_OUV",6,32.2860382709462,-10.4898725718702,46.6304675463165,-52.5720765418925,8.05104256429439,0.0087297493569504
"Euclidieae.CD_OUM",6,36.3115595530934,-10.4854168164209,50.6457222423926,-60.6231191061868,0,0.488948878488951
"Euclidieae.CD_OUMV",7,36.5976056414296,-10.4887641787347,50.9484012831509,-59.1952112828592,1.42790782332767,0.239440279147507
"Euclidieae.CID_BMV",9,32.8162961345429,-10.499588482084,47.173388339934,-47.6325922690859,12.990526837101,0.00073859505069911
"Euclidieae.CID_OUV",10,32.2465146745915,-10.5608805575367,46.6939303153494,-44.493029349183,16.1300897570038,0.000153694726793803
"Euclidieae.CID_OUM",10,35.535096437169,-11.2003775645954,49.547953923703,-51.070192874338,9.55292623184883,0.00411975965344815
"Euclidieae.CID_OUMV",11,36.5935403689719,-11.2090458075799,50.9789099424911,-51.1870807379439,9.43603836824298,0.00436770961836628
"Eumalvoideae.CID_BM1",4,205.605282171393,-45.4791802665854,254.727447915783,-403.210564342786,11.6403535244748,0.00293687812196936
"Eumalvoideae.CID_OU1",5,205.552224455389,-45.503597418777,254.707567011494,-401.104448910778,13.7464689564827,0.00102458682923256
"Eumalvoideae.CD_BMV",5,205.68644073059,-45.6203072860984,254.869343418306,-401.37288146118,13.4780364060813,0.00117175861857486
"Eumalvoideae.CD_OUV",6,213.42545893363,-45.8053336806499,262.28522882334,-414.850917867261,0,0.989820799497899
"Eumalvoideae.CD_OUM",6,206.465236712493,-45.7935097213713,254.81404024199,-400.930473424986,13.9204444422754,0.000939226790974427
"Eumalvoideae.CD_OUMV",7,206.464743619812,-45.3014491960962,254.926417966061,-398.929487239624,15.9214306276373,0.000345351894513981
"Eumalvoideae.CID_BMV",9,202.640499893149,-48.5057417203208,254.85571017292,-387.280999786298,27.5699180809634,1.0205280145063e-06
"Eumalvoideae.CID_OUV",10,185.779577448721,-48.4855546016243,238.132072343666,-351.559154897442,63.2917629698192,1.78617855839331e-14
"Eumalvoideae.CID_OUM",10,211.85245442694,-45.9052961756749,261.402661334676,-403.70490885388,11.1460090133812,0.0037603777186552
"Eumalvoideae.CID_OUMV",11,188.894749183501,-45.499152562495,238.043327299501,-355.789498367002,59.0614195002586,1.48092233937598e-13
"Gesneriaceae.CID_BM1",4,671.766480086994,-27.3615595955605,703.017362625077,-1335.53296017399,0,0.637001750240504
"Gesneriaceae.CID_OU1",5,669.468323335991,-27.3430175537979,700.631549841142,-1328.93664667198,6.59631350200652,0.02353798860149
"Gesneriaceae.CD_BMV",5,670.101155941911,-27.5626951846243,701.66789739541,-1330.20231188382,5.33064829016575,0.044320541402102
"Gesneriaceae.CD_OUV",6,642.057812109141,-27.3368654386451,673.185767756998,-1272.11562421828,63.4173359557069,1.07954585522682e-14
"Gesneriaceae.CD_OUM",6,670.829301313637,-27.4404441077762,701.140093642719,-1329.65860262727,5.87435754671424,0.0337707022694492
"Gesneriaceae.CD_OUMV",7,644.754828629438,-27.3495861061249,675.846962092692,-1275.50965725888,60.0233029151134,5.89177298547274e-14
"Gesneriaceae.CID_BMV",9,675.874606350796,-27.4258177126957,707.037458351805,-1333.74921270159,1.78374747239604,0.261098744450297
"Gesneriaceae.CID_OUV",10,645.731070967774,-27.4102640257334,676.86227674701,-1271.46214193555,64.0708182384396,7.78644498821493e-15
"Gesneriaceae.CID_OUM",10,670.001385097591,-27.5772183997294,700.620311495642,-1320.00277019518,15.5301899788058,0.000270273036080635
"Gesneriaceae.CID_OUMV",11,641.326670409678,-27.3830335260666,672.635358143565,-1260.65334081936,74.8796193546318,3.501368975222e-17
"Grewioideae.CID_BM1",4,215.054145497483,-23.0672754167708,241.959082535966,-422.108290994966,7.49910037284116,0.0155360412708611
"Grewioideae.CID_OU1",5,219.803695683904,-23.1421173225892,246.712675658848,-429.607391367807,0,0.660312200628897
"Grewioideae.CD_BMV",5,215.560234046311,-22.9509596924733,242.524478721782,-421.120468092623,8.48692327518455,0.00948063329058535
"Grewioideae.CD_OUV",6,220.054861638971,-22.9655336143297,246.850652065124,-428.109723277942,1.4976680898647,0.312273282382314
"Grewioideae.CD_OUM",6,215.164847748235,-22.9908372605565,241.816435356183,-418.32969549647,11.2776958713374,0.00234870665895875
"Grewioideae.CD_OUMV",7,211.387642659426,-22.9925069170775,238.160790412813,-408.775285318851,20.8321060489561,1.97749306943378e-05
"Grewioideae.CID_BMV",9,209.804658185652,-29.8676270581236,243.569083414912,-401.609316371305,27.9980749965025,5.49597292257873e-07
"Grewioideae.CID_OUV",10,211.292886003294,-23.0095914003553,238.08720136188,-402.585772006587,27.02161936122,8.95528128352769e-07
"Grewioideae.CID_OUM",10,214.720360656273,-24.0702706306279,241.931552098251,-409.440721312546,20.1666700552616,2.75811620641642e-05
"Grewioideae.CID_OUMV",11,211.308259330422,-23.0140749704444,238.147037121792,-400.616518660845,28.9908727069624,3.34550205308914e-07
"Heliophileae.CID_BM1",4,116.338945597824,-18.0910494304909,138.097014058668,-224.677891195649,16.4491111519498,0.000135720798790673
"Heliophileae.CID_OU1",5,124.271918005458,-18.1498474577375,146.059251257467,-238.543836010917,2.58316633668136,0.139186805332424
"Heliophileae.CD_BMV",5,116.962867635912,-18.0252632226056,138.998721097989,-223.925735271824,17.2012670757745,9.31789523995366e-05
"Heliophileae.CD_OUV",6,124.482727610192,-18.0153498082246,146.140195243152,-236.965455220383,4.16154712721487,0.0632203699692475
"Heliophileae.CD_OUM",6,126.563501173799,-18.0180663189464,148.316592927101,-241.127002347598,0,0.506437095988988
"Heliophileae.CD_OUMV",7,126.945877924374,-18.0896139005689,148.697521870669,-239.891755848747,1.2352464988509,0.27308329896126
"Heliophileae.CID_BMV",9,116.986410362308,-18.0411764688842,138.693856536864,-215.972820724616,25.1541816229819,1.74728750789453e-06
"Heliophileae.CID_OUV",10,122.778807635505,-18.1271962023725,144.42613563291,-225.557615271011,15.5693870765875,0.000210705592546922
"Heliophileae.CID_OUM",10,126.817824021635,-18.0988302566293,148.479400155164,-233.635648043269,7.49135430432923,0.0119618565966076
"Heliophileae.CID_OUMV",11,127.071152685232,-17.9758114472402,148.847656565096,-232.142305370464,8.98469697713423,0.00566922052022763
"Hypericum.CID_BM1",4,168.310766163886,-12.9446964680588,185.073417423174,-328.621532327772,18.343642724983,7.45340297319899e-05
"Hypericum.CID_OU1",5,178.482587526378,-12.844230010534,195.229968446114,-346.965175052755,0,0.717176431617436
"Hypericum.CD_BMV",5,168.339452290305,-12.8684019633014,185.116720713944,-326.678904580609,20.2862704721463,2.82174878549751e-05
"Hypericum.CD_OUV",6,172.987157195798,-12.8966278373407,189.781409197606,-333.974314391597,12.9908606611588,0.00108316959042713
"Hypericum.CD_OUM",6,178.546362361747,-12.912204567343,195.277391047663,-345.092724723493,1.87245032926228,0.281208592186962
"Hypericum.CD_OUMV",7,173.013791479717,-12.8745390008067,189.751752682039,-332.027582959434,14.9375920933217,0.000409231541441011
"Hypericum.CID_BMV",9,168.2495782638,-13.0502801152336,185.056022816538,-318.499156527601,28.4660185251549,4.72398625598903e-07
"Hypericum.CID_OUV",10,172.946764317434,-12.95594593981,189.768206858733,-325.893528634868,21.0716464178872,1.90535597868986e-05
"Hypericum.CID_OUM",10,168.616365350651,-13.9379412659853,185.78553808126,-317.232730701302,29.7324443514531,2.50788577075038e-07
"Hypericum.CID_OUMV",11,167.937620286666,-14.1332555838154,185.05842500773,-313.875240573331,33.0899344794242,4.67991573670144e-08
"Lepidieae.CID_BM1",4,115.104869188475,-61.3755710828115,179.622161547778,-222.209738376951,39.623594615556,2.48263656458628e-09
"Lepidieae.CID_OU1",5,128.883905687438,-61.0048129427545,193.259204165008,-247.767811374876,14.0655216176306,0.000880598989947081
"Lepidieae.CD_BMV",5,135.916666496253,-60.7475052161731,200.395950206007,-261.833332992507,0,0.997854901186596
"Lepidieae.CD_OUV",6,129.427469064248,-60.4273830787795,193.163227874026,-246.854938128496,14.9783948640105,0.000557892182912948
"Lepidieae.CD_OUM",6,129.192850647397,-60.3226145397483,192.934629083105,-246.385701294794,15.4476316977127,0.000441221627666658
"Lepidieae.CD_OUMV",7,129.648744015822,-60.3619078965671,193.318019635852,-245.297488031645,16.535844960862,0.00025606739580633
"Lepidieae.CID_BMV",9,117.389916881591,-61.9881814678844,197.134637881511,-216.779833763183,45.0534992293241,1.6437067625486e-10
"Lepidieae.CID_OUV",10,128.884777267696,-60.9278194062741,192.74226451276,-237.769554535392,24.0637784571147,5.93860303589626e-06
"Lepidieae.CID_OUM",10,116.188348633359,-71.8974273770751,191.109847271461,-212.376697266718,49.4566357257892,1.81842502799407e-11
"Lepidieae.CID_OUMV",11,129.320394377136,-60.1595789475048,192.976641645464,-236.640788754273,25.1925442382339,3.37734884391634e-06
"Lupinus.CID_BM1",4,217.061346945083,-35.7639280199211,256.662219601159,-426.122693890166,28.5642577269697,6.04950503000421e-07
"Lupinus.CID_OU1",5,226.79597565302,-35.7454410119931,266.384201080551,-443.59195130604,11.0950003110954,0.00375942038064239
"Lupinus.CD_BMV",5,232.343475808568,-35.8675794949197,271.809522825785,-454.686951617136,0,0.964649619670509
"Lupinus.CD_OUV",6,208.92917269896,-35.6766244778049,248.388770449371,-405.85834539792,48.8286062192155,2.40642581251628e-11
"Lupinus.CD_OUM",6,229.903875714224,-35.848875347857,269.778778235034,-447.807751428449,6.87920018868692,0.0309435585364803
"Lupinus.CD_OUMV",7,217.478672331736,-35.7604867941943,257.010954408078,-420.957344663473,33.7296069536633,4.57170826627587e-08
"Lupinus.CID_BMV",9,228.988499199901,-38.2007960754744,274.464669894615,-439.976998399801,14.7099532173346,0.000616799256785929
"Lupinus.CID_OUV",10,208.893767729497,-35.8092501727902,248.540003775823,-397.787535458993,56.8994161581425,4.2542045418028e-13
"Lupinus.CID_OUM",10,226.963432570913,-35.7279296285216,266.499646899199,-433.926865141826,20.7600864753097,2.99484325702666e-05
"Lupinus.CID_OUMV",11,218.765072106882,-36.033088484058,257.950141557642,-415.530144213765,39.1568074033709,3.03093697157176e-09
"Lysimachieae.CID_BM1",4,200.066356360268,-37.760974677914,241.636195856625,-392.132712720536,7.7401297966166,0.0141820666194697
"Lysimachieae.CID_OU1",5,203.95321765228,-37.7194635096714,245.560611567481,-397.906435304561,1.96640721259206,0.254382628350715
"Lysimachieae.CD_BMV",5,202.215153158651,-37.9702671033155,244.426373701329,-394.430306317302,5.44253619985096,0.0447358436080816
"Lysimachieae.CD_OUV",6,189.897401269005,-37.7408968393671,231.429898105923,-367.794802538009,32.0780399791437,7.35918082830155e-08
"Lysimachieae.CD_OUM",6,205.936421258576,-37.8470663324241,248.275321102487,-399.872842517153,0,0.67996624052132
"Lysimachieae.CD_OUMV",7,194.730592472701,-37.6772725763507,236.298393145326,-375.461184945402,24.4116575717506,3.40066038536831e-06
"Lysimachieae.CID_BMV",9,202.184277662775,-38.425563285042,244.357369214644,-386.36855532555,13.504287191603,0.000794453799459712
"Lysimachieae.CID_OUV",10,189.742556818214,-37.8275752709085,231.3964461053,-359.485113636427,40.3877288807259,1.15452530510989e-09
"Lysimachieae.CID_OUM",10,205.195284641703,-37.7832153503258,247.136511254944,-390.390569283407,9.48227323374624,0.00593523447102508
"Lysimachieae.CID_OUMV",11,194.645827141446,-38.1159279270859,236.306793918028,-367.291654282892,32.5811882342608,5.72232103527794e-08
"Onagraceae.CID_BM1",4,385.000387243515,-87.281615969396,475.760069545381,-762.00077448703,216.887299198669,4.63651451060421e-48
"Onagraceae.CID_OU1",5,492.594272487384,-87.2848973696056,583.158274967714,-975.188544974768,3.6995287109313,0.0910600300616187
"Onagraceae.CD_BMV",5,399.992551873964,-89.7862395211808,493.057551874682,-789.985103747928,188.902969937771,5.53237375223101e-42
"Onagraceae.CD_OUV",6,490.351394915926,-86.6611846758204,580.838509123056,-968.702789831853,10.1852838538467,0.00355601803226214
"Onagraceae.CD_OUM",6,495.44403684285,-86.7401763761857,586.079078817941,-978.888073685699,0,0.578988905267207
"Onagraceae.CD_OUMV",7,489.541204611447,-86.6988208511342,579.945155914464,-965.082409222893,13.8056644628058,0.000581846323026357
"Onagraceae.CID_BMV",9,383.568378230355,-108.952374867528,553.17924975644,-749.13675646071,229.751317224989,7.46114708187469e-51
"Onagraceae.CID_OUV",10,492.618054779248,-87.4582200797346,583.190100104692,-965.236109558495,13.6519641272039,0.000628324360588931
"Onagraceae.CID_OUM",10,498.867092703276,-85.8862291436997,581.512681655877,-977.734185406552,1.15388827914683,0.325167090857771
"Onagraceae.CID_OUMV",11,490.053359137367,-89.6125843829777,583.394613449306,-958.106718274733,20.7813554109658,1.77850975261081e-05
"Orobanchaceae.CID_BM1",4,164.581552975849,-49.2975779876957,217.441446606466,-321.163105951699,11.8695773490624,0.00131709373692398
"Orobanchaceae.CID_OU1",5,171.516341650381,-49.5382463578057,224.271574755002,-333.032683300761,0,0.497808900448696
"Orobanchaceae.CD_BMV",5,168.481732496519,-49.0438667137893,221.474450261046,-326.963464993038,6.0692183077233,0.0239413506215685
"Orobanchaceae.CD_OUV",6,158.668911067679,-48.7851515735274,211.247811107698,-305.337822135357,27.6948611654037,4.82169756813065e-07
"Orobanchaceae.CD_OUM",6,172.444004122566,-48.8875118227762,225.136847045308,-332.888008245133,0.14467505562834,0.463070236611934
"Orobanchaceae.CD_OUMV",7,159.997096065876,-48.9556892410792,212.635500454433,-305.994192131752,27.0384911690095,6.69466577833938e-07
"Orobanchaceae.CID_BMV",9,164.665462151317,-48.888251563751,217.292083815974,-311.330924302635,21.7017589981261,9.65129447903973e-06
"Orobanchaceae.CID_OUV",10,156.108966669408,-66.4759810043993,223.604946506362,-292.217933338817,40.8147499619442,6.82735228837352e-10
"Orobanchaceae.CID_OUM",10,171.716836991624,-49.237092093534,224.815172168395,-323.433673983249,9.59900931751253,0.00409887116661261
"Orobanchaceae.CID_OUMV",11,173.583674041917,-49.6148568658111,226.704273458226,-325.167348083835,7.86533521692644,0.00975274380071619
"Panicoideae.CID_BM1",4,1015.03042956124,-311.205952930258,1324.79087144444,-2022.06085912247,404.95370291606,9.45702799809232e-89
"Panicoideae.CID_OU1",5,1211.58692777506,-312.659090950503,1521.60045883434,-2413.17385555012,13.8407064884132,0.000803272222956501
"Panicoideae.CD_BMV",5,1014.08099941453,-306.447753823444,1324.19244551451,-2018.16199882907,408.852563209465,1.34625682874355e-89
"Panicoideae.CD_OUV",6,1214.46089326904,-307.551624650909,1523.58776359181,-2416.92178653809,10.0927755004482,0.00523257693703165
"Panicoideae.CD_OUM",6,1218.00073851102,-307.674695901924,1526.62631301525,-2424.00147702203,3.01308501650146,0.180322897873298
"Panicoideae.CD_OUMV",7,1220.50728101927,-309.011437648127,1527.74289077111,-2427.01456203853,0,0.813455830166559
"Panicoideae.CID_BMV",9,1014.88641120867,-307.446252428855,1324.76257117005,-2011.77282241735,415.241739621187,5.5174180264094e-91
"Panicoideae.CID_OUV",10,1212.80236046006,-309.468980159136,1522.51983955663,-2405.60472092012,21.4098411184195,1.82492931708003e-05
"Panicoideae.CID_OUM",10,1214.95392039431,-309.740545753671,1521.63277314665,-2409.90784078862,17.106721249917,0.000156912179587875
"Panicoideae.CID_OUMV",11,1213.22661631844,-307.793032193376,1521.71417608526,-2404.45323263688,22.561329401658,1.02613273969171e-05
"Polemoniaceae.CID_BM1",4,391.31190112171,-62.3604308839811,457.573720140037,-774.62380224342,47.5274541475818,3.48952222350397e-11
"Polemoniaceae.CID_OU1",5,406.603724917519,-62.3243658964411,472.812690061675,-803.207449835038,18.9438065559635,5.61857496034949e-05
"Polemoniaceae.CD_BMV",5,404.902932184944,-62.570197243692,475.305109990787,-799.805864369888,22.3453920211132,1.02560771891941e-05
"Polemoniaceae.CD_OUV",6,417.075628195501,-62.3734352463584,483.679904484838,-822.151256391001,0,0.7298296552735
"Polemoniaceae.CD_OUM",6,406.635425818045,-62.2933460814424,472.831791405672,-801.270851636089,20.8804047549119,2.13353230753251e-05
"Polemoniaceae.CD_OUMV",7,417.064235728998,-62.3681672223162,483.914088164806,-820.128471457996,2.02278493300525,0.265447927491187
"Polemoniaceae.CID_BMV",9,391.399644200303,-62.3613083190535,456.94385479261,-764.799288400606,57.351967990395,2.5668464744412e-13
"Polemoniaceae.CID_OUV",10,406.594307360623,-62.3692422240875,472.324264252559,-793.188614721245,28.9626416697562,3.75028071708529e-07
"Polemoniaceae.CID_OUM",10,406.319930016785,-62.2965051299559,472.508539800344,-792.63986003357,29.5113963574314,2.85038294303771e-07
"Polemoniaceae.CID_OUMV",11,417.016233144135,-62.6097988995142,483.910972079189,-812.03246628827,10.1187901027309,0.00463397998392635
"Pooideae.CID_BM1",4,1248.49503176755,-272.063607995653,1523.71190840793,-2488.99006353509,482.570257673854,1.62629744914262e-105
"Pooideae.CID_OU1",5,1399.56645271603,-272.561883205645,1674.60202488521,-2789.13290543207,182.427415776881,2.43438907375723e-40
"Pooideae.CD_BMV",5,1266.82747276714,-272.535457182226,1545.66341476941,-2523.65494553427,447.905375674678,5.47751360387927e-98
"Pooideae.CD_OUV",6,1401.5090884044,-271.802529652092,1676.31962978574,-2791.0181768088,180.542144400148,6.24843804482981e-40
"Pooideae.CD_OUM",6,1461.88038141702,-272.286057520381,1737.14251600331,-2911.76076283405,59.7995583749039,1.03440566128156e-13
"Pooideae.CD_OUMV",7,1492.78016060447,-271.900929268045,1767.86643051558,-2971.56032120895,0,0.999999999999897
"Pooideae.CID_BMV",9,1251.09297791089,-270.231403016956,1524.14011032155,-2484.18595582177,487.374365387178,1.47231672526185e-106
"Pooideae.CID_OUV",10,1247.90704497399,-272.977085752543,1524.21206137795,-2475.81408994797,495.746231260979,2.23910092576132e-108
"Pooideae.CID_OUM",10,1242.6508162247,-284.349196939897,1528.00279813117,-2465.30163244941,506.258688759542,1.16767646813316e-110
"Pooideae.CID_OUMV",11,1401.36377719598,-273.705325051967,1676.14900900328,-2780.72755439196,190.832766816988,3.64075288666145e-42
"Primulaceae.CID_BM1",4,326.676971893913,-30.7349040635752,360.936998990662,-645.353943787825,27.18281250505,6.27443931058127e-07
"Primulaceae.CID_OU1",5,341.268378146438,-30.4883421867975,375.568835314012,-672.536756292875,0,0.501473120960799
"Primulaceae.CD_BMV",5,329.854766996752,-30.8159415342891,364.355039142523,-649.709533993504,22.8272222993712,5.53833624005714e-06
"Primulaceae.CD_OUV",6,324.704296231376,-30.4571988357184,358.973950271802,-637.408592462751,35.1281638301242,1.18103781784577e-08
"Primulaceae.CD_OUM",6,342.257982768914,-30.4345918965059,376.366757786676,-672.515965537829,0.0207907550466189,0.496287120468619
"Primulaceae.CD_OUMV",7,324.762682212884,-30.6628519821483,359.001024315774,-635.525364425767,37.011391867108,4.60602225482168e-09
"Primulaceae.CID_BMV",9,329.985960195306,-31.0470660525562,365.06072442888,-641.971920390612,30.5648359022638,1.15658584651954e-07
"Primulaceae.CID_OUV",10,324.621157041223,-30.539960747751,358.958221345783,-629.242314082446,43.294442210429,1.99057701585503e-10
"Primulaceae.CID_OUM",10,340.854380303456,-30.835169594472,375.344068491494,-661.708760606911,10.8279956859642,0.00223346047608116
"Primulaceae.CID_OUMV",11,324.023591220066,-30.7964267959798,358.366628598705,-626.047182440132,46.4895738527438,4.02870033432747e-11
"Rubieae.CID_BM1",4,203.053949696033,-51.5172909071514,258.182820759743,-398.107899392067,70.3939477957946,3.48098342469254e-16
"Rubieae.CID_OU1",5,233.074163279338,-51.5693776908025,288.228483257223,-456.148326558676,12.3535206291853,0.00139643452683608
"Rubieae.CD_BMV",5,208.654832014268,-51.9556379280421,264.640728737921,-407.309664028537,61.1921831593251,3.46608938277698e-14
"Rubieae.CD_OUV",6,231.964654226693,-51.6249283477771,287.009609045039,-451.929308453385,16.5725387344763,0.000169384020517814
"Rubieae.CD_OUM",6,239.527577029882,-51.1593207778895,293.924148025817,-467.055154059763,1.44669312809845,0.32614301193613
"Rubieae.CD_OUMV",7,241.250923593931,-51.9826665999645,296.47342352887,-468.501847187862,0,0.672285119924635
"Rubieae.CID_BMV",9,206.357670742319,-51.6595588982014,262.410571537475,-394.715341484638,73.7865057032236,6.38289008678768e-17
"Rubieae.CID_OUV",10,231.825636828218,-51.35775774062,286.615112461755,-443.651273656437,24.8505735314247,2.69972805997862e-06
"Rubieae.CID_OUM",10,231.59069792636,-51.4879433119135,286.559347603,-443.18139585272,25.3204513351412,2.13445671349882e-06
"Rubieae.CID_OUMV",11,232.02756483887,-51.1396300097582,288.748270387208,-442.055129677739,26.4467175101222,1.21540707285069e-06
"Salvia.CID_BM1",4,703.802054511295,-86.2023310888179,793.841462654525,-1399.60410902259,24.6916515405603,2.47566684934676e-06
"Salvia.CID_OU1",5,717.147880281575,-86.2177209980782,807.174955000421,-1424.29576056315,0,0.569398354586354
"Salvia.CD_BMV",5,704.197835877289,-86.1330470956869,794.411207878801,-1398.39567175458,25.9000888085718,1.35295509550716e-06
"Salvia.CD_OUV",6,642.729294739672,-86.2656802469583,732.752409128295,-1273.45858947934,150.837171083806,1.00355383296844e-33
"Salvia.CD_OUM",6,717.843181708718,-86.1457368727128,807.813709702106,-1423.68636341744,0.609397145713501,0.419843369622036
"Salvia.CD_OUMV",7,643.748761825768,-86.2012888584648,733.758036732599,-1273.49752365154,150.798236911614,1.02328149891457e-33
"Salvia.CID_BMV",9,704.074605416545,-87.3257050613295,794.524257069743,-1390.14921083309,34.1465497300587,2.19072137605425e-08
"Salvia.CID_OUV",10,717.283844244981,-86.4347966073533,807.739634864535,-1414.56768848996,9.72807207318715,0.00439533718580407
"Salvia.CID_OUM",10,717.653184979364,-86.4785655928061,807.919726628923,-1415.30636995873,8.98939060442149,0.00635908807664733
"Salvia.CID_OUMV",11,643.675133595104,-86.3131459679608,733.769979273029,-1265.35026719021,158.945493372942,1.74116873485813e-35
"Solanaceae.CID_BM1",4,1615.20984919814,-142.057075213035,1761.03895866068,-3222.41969839628,83.1174589300495,4.67312758321761e-19
"Solanaceae.CID_OU1",5,1657.76857866316,-143.163749009071,1804.0955201064,-3305.53715732633,0,0.522798724852329
"Solanaceae.CD_BMV",5,1615.3715152774,-143.151647360871,1761.19540208002,-3220.7430305548,84.7941267715314,2.02080236878e-19
"Solanaceae.CD_OUV",6,1558.88531096938,-143.235662406726,1704.71897390396,-3105.77062193876,199.766535387567,2.18565960485982e-44
"Solanaceae.CD_OUM",6,1658.66117981983,-142.594041480069,1804.46617550104,-3305.32235963965,0.214797686674956,0.46956075755383
"Solanaceae.CD_OUMV",7,1558.95301316856,-143.127847368736,1705.36934652946,-3103.90602633712,201.631130989205,8.60380849787235e-45
"Solanaceae.CID_BMV",9,1613.70226707846,-146.611570314774,1761.03910414116,-3209.40453415691,96.1326231694161,6.97269442622131e-22
"Solanaceae.CID_OUV",10,1559.20698506703,-143.092185141857,1704.92879133897,-3098.41397013407,207.123187192258,5.52212055640731e-46
"Solanaceae.CID_OUM",10,1658.54284746926,-142.179527129788,1804.43074879939,-3297.08569493852,8.4514623878099,0.00764051759384073
"Solanaceae.CID_OUMV",11,1558.41644275112,-142.680515575858,1704.34584527019,-3094.83288550223,210.704271824095,9.21474319297547e-47
"Spermacoceae.CID_BM1",4,276.381435176897,-76.2052248462494,356.276323913182,-544.762870353794,48.6649314518875,2.68825456423108e-11
"Spermacoceae.CID_OU1",5,276.540225804934,-76.2658906656031,356.394497755466,-543.080451609868,50.3473501958136,1.15914509943704e-11
"Spermacoceae.CD_BMV",5,276.562128265774,-76.1147415635697,356.341925426012,-543.124256531547,50.3035452741343,1.184813301868e-11
"Spermacoceae.CD_OUV",6,297.766702877384,-76.3698841789195,377.382652482064,-583.533405754768,9.89439605091309,0.00705318352455498
"Spermacoceae.CD_OUM",6,302.713900902841,-75.5080157091988,382.224356471963,-593.427801805681,0,0.992946816421697
"Spermacoceae.CD_OUMV",7,277.20718934255,-76.3811919512915,357.094820252398,-540.414378685099,53.0134231205823,3.05638052464197e-12
"Spermacoceae.CID_BMV",9,276.208846219756,-76.7589454372323,356.413749629073,-534.417692439513,59.0101093661689,1.52420559188744e-13
"Spermacoceae.CID_OUV",10,276.223833876829,-76.5000757127427,356.239579572321,-532.447667753658,60.9801340520233,5.69191132398893e-14
"Spermacoceae.CID_OUM",10,277.071432247082,-77.0932024322261,357.199538641591,-534.142864494163,59.2849373115183,1.32851181318972e-13
"Spermacoceae.CID_OUMV",11,276.474275887624,-76.2457554474694,356.275944065958,-530.948551775248,62.4792500304338,2.6898572138203e-14
"Thelypodieae.CID_BM1",4,130.906913128446,-41.2412621379802,175.822622161802,-253.813826256892,9.81081570559746,0.00729494909878025
"Thelypodieae.CID_OU1",5,130.814328527878,-41.476411804757,175.782441263485,-251.628657055755,11.995984906734,0.00244635118903467
"Thelypodieae.CD_BMV",5,131.310967068079,-41.1786712060994,176.079980606472,-252.621934136159,11.0027078263305,0.0040198160546525
"Thelypodieae.CD_OUV",6,123.669919831543,-41.0914223800169,168.542116910067,-235.339839663086,28.2848022994031,7.10308558782397e-07
"Thelypodieae.CD_OUM",6,137.812320981245,-41.2180733366176,183.153312392702,-263.624641962489,0,0.98494919109813
"Thelypodieae.CD_OUMV",7,132.11643650667,-41.0251010778045,176.919134644094,-250.232873013341,13.3917689491487,0.00121738556847584
"Thelypodieae.CID_BMV",9,130.931740350263,-41.5141608583615,175.993746086786,-243.863480700525,19.7611612619642,5.03885872105694e-05
"Thelypodieae.CID_OUV",10,123.685903936433,-41.2029732624385,168.53397593012,-227.371807872867,36.2528340896228,1.32193751837541e-08
"Thelypodieae.CID_OUM",10,131.065484420126,-40.9803985950544,175.836204221724,-242.130968840252,21.4936731222376,2.11895635494732e-05
"Thelypodieae.CID_OUMV",11,123.774232654249,-40.9830481023639,168.564793710777,-225.548465308498,38.0761766539911,5.3122330743973e-09
